method,top_n,question_order,match_scores,evaluation_scores,binary_scores,combined_scores,normalized_binary_score,normalized_score,normalized_combined_score,job_number
original,10,"[123, 181, 184, 44, 140, 159, 99, 37, 142, 112]","[0.8717855629715157, 0.8139235323806406, 0.80836352101165, 0.7951065907807608, 0.7591617387111618, 0.7549429596937056, 0.7397878080448299, 0.7216095027857492, 0.700417749429269, 0.86737683899286]","[3, 4, 4, 4, 4, 1, 4, 4, 4, 4]","[0, 1, 1, 1, 1, 0, 0, 1, 1, 1]","[3, 6, 6, 6, 6, 1, 4, 6, 6, 6]",0.7,0.9,0.8333333333333334,1
reranked,10,"[172, 79, 123, 73, 63, 116, 45, 66, 180, 159]","[2.5604508, 2.078442, 1.7087429, 1.5424385, 0.62823397, -0.32463014, -0.34092298, -0.95208514, -1.1544995, 2.4606671]","[1, 4, 3, 3, 4, 3, 4, 3, 4, 1]","[0, 1, 0, 0, 1, 1, 1, 0, 1, 0]","[1, 6, 3, 3, 6, 5, 6, 3, 6, 1]",0.5,0.75,0.6666666666666666,1
original,15,"[123, 181, 184, 44, 140, 159, 99, 37, 142, 112, 54, 180, 152, 79, 178]","[0.8717855629715157, 0.8139235323806406, 0.80836352101165, 0.7951065907807608, 0.7591617387111618, 0.7549429596937056, 0.7397878080448299, 0.7216095027857492, 0.700417749429269, 0.86737683899286, 0.7869578211869033, 0.774583793845844, 0.7534506927497828, 0.7208546977296763, 0.7016493142800173]","[3, 4, 4, 4, 4, 1, 4, 4, 4, 4, 3, 4, 1, 4, 4]","[0, 1, 1, 1, 1, 0, 0, 1, 1, 1, 1, 1, 0, 1, 1]","[3, 6, 6, 6, 6, 1, 4, 6, 6, 6, 5, 6, 1, 6, 6]",0.7333333333333333,0.8666666666666667,0.8222222222222222,1
reranked,15,"[172, 79, 123, 73, 63, 116, 45, 66, 180, 159, 140, 85, 112, 38, 181]","[2.5604508, 2.078442, 1.7087429, 1.5424385, 0.62823397, -0.32463014, -0.34092298, -0.95208514, -1.1544995, 2.4606671, 1.1922197, 1.1324136, 0.7318924, 0.32239485, -1.2417918]","[1, 4, 3, 3, 4, 3, 4, 3, 4, 1, 4, 4, 4, 4, 4]","[0, 1, 0, 0, 1, 1, 1, 0, 1, 0, 1, 1, 1, 1, 1]","[1, 6, 3, 3, 6, 5, 6, 3, 6, 1, 6, 6, 6, 6, 6]",0.6666666666666666,0.8333333333333334,0.7777777777777778,1
original,20,"[123, 181, 184, 44, 140, 159, 99, 37, 142, 112, 54, 180, 152, 79, 178, 116, 113, 138, 117, 38]","[0.8717855629715157, 0.8139235323806406, 0.80836352101165, 0.7951065907807608, 0.7591617387111618, 0.7549429596937056, 0.7397878080448299, 0.7216095027857492, 0.700417749429269, 0.86737683899286, 0.7869578211869033, 0.774583793845844, 0.7534506927497828, 0.7208546977296763, 0.7016493142800173, 0.6806490807850666, 0.6712973383160488, 0.8407755095304991, 0.8386138198456758, 0.7839367933050834]","[3, 4, 4, 4, 4, 1, 4, 4, 4, 4, 3, 4, 1, 4, 4, 3, 3, 3, 3, 4]","[0, 1, 1, 1, 1, 0, 0, 1, 1, 1, 1, 1, 0, 1, 1, 1, 1, 1, 1, 1]","[3, 6, 6, 6, 6, 1, 4, 6, 6, 6, 5, 6, 1, 6, 6, 5, 5, 5, 5, 6]",0.8,0.85,0.8333333333333334,1
reranked,20,"[172, 79, 123, 73, 63, 116, 45, 66, 180, 159, 140, 85, 112, 38, 181, 192, 117, 171, 157, 150]","[2.5604508, 2.078442, 1.7087429, 1.5424385, 0.62823397, -0.32463014, -0.34092298, -0.95208514, -1.1544995, 2.4606671, 1.1922197, 1.1324136, 0.7318924, 0.32239485, -1.2417918, -1.379698, -1.8696313, 2.2591448, 1.397326, 1.061216]","[1, 4, 3, 3, 4, 3, 4, 3, 4, 1, 4, 4, 4, 4, 4, 3, 3, 1, 1, 3]","[0, 1, 0, 0, 1, 1, 1, 0, 1, 0, 1, 1, 1, 1, 1, 0, 1, 0, 0, 0]","[1, 6, 3, 3, 6, 5, 6, 3, 6, 1, 6, 6, 6, 6, 6, 3, 5, 1, 1, 3]",0.55,0.7625,0.6916666666666667,1
original,25,"[123, 181, 184, 44, 140, 159, 99, 37, 142, 112, 54, 180, 152, 79, 178, 116, 113, 138, 117, 38, 122, 129, 139, 73, 68]","[0.8717855629715157, 0.8139235323806406, 0.80836352101165, 0.7951065907807608, 0.7591617387111618, 0.7549429596937056, 0.7397878080448299, 0.7216095027857492, 0.700417749429269, 0.86737683899286, 0.7869578211869033, 0.774583793845844, 0.7534506927497828, 0.7208546977296763, 0.7016493142800173, 0.6806490807850666, 0.6712973383160488, 0.8407755095304991, 0.8386138198456758, 0.7839367933050834, 0.7734034032123267, 0.7733018802608018, 0.7676195103687028, 0.7493461953837767, 0.7442863134262862]","[3, 4, 4, 4, 4, 1, 4, 4, 4, 4, 3, 4, 1, 4, 4, 3, 3, 3, 3, 4, 4, 3, 4, 3, 3]","[0, 1, 1, 1, 1, 0, 0, 1, 1, 1, 1, 1, 0, 1, 1, 1, 1, 1, 1, 1, 1, 0, 1, 0, 0]","[3, 6, 6, 6, 6, 1, 4, 6, 6, 6, 5, 6, 1, 6, 6, 5, 5, 5, 5, 6, 6, 3, 6, 3, 3]",0.72,0.85,0.8066666666666666,1
reranked,25,"[172, 79, 123, 73, 63, 116, 45, 66, 180, 159, 140, 85, 112, 38, 181, 192, 117, 171, 157, 150, 68, 152, 139, 138, 37]","[2.5604508, 2.078442, 1.7087429, 1.5424385, 0.62823397, -0.32463014, -0.34092298, -0.95208514, -1.1544995, 2.4606671, 1.1922197, 1.1324136, 0.7318924, 0.32239485, -1.2417918, -1.379698, -1.8696313, 2.2591448, 1.397326, 1.061216, 0.8731408, 0.62994623, 0.49580938, 0.4341869, 0.34343034]","[1, 4, 3, 3, 4, 3, 4, 3, 4, 1, 4, 4, 4, 4, 4, 3, 3, 1, 1, 3, 3, 1, 4, 3, 4]","[0, 1, 0, 0, 1, 1, 1, 0, 1, 0, 1, 1, 1, 1, 1, 0, 1, 0, 0, 0, 0, 0, 1, 1, 1]","[1, 6, 3, 3, 6, 5, 6, 3, 6, 1, 6, 6, 6, 6, 6, 3, 5, 1, 1, 3, 3, 1, 6, 5, 6]",0.56,0.76,0.6933333333333334,1
original,10,"[112, 44, 138, 99, 116, 180, 123, 154, 37, 184]","[0.8513548455766535, 0.812229413606724, 0.7786973516450018, 0.754241050607359, 0.7524396004360506, 0.7137761056199801, 0.7036315451859436, 0.6966931766343119, 0.7790941288747391, 0.7017643903553692]","[4, 4, 4, 4, 4, 4, 4, 1, 4, 4]","[1, 1, 0, 0, 0, 0, 1, 0, 1, 0]","[6, 6, 4, 4, 4, 4, 6, 1, 6, 4]",0.4,0.925,0.75,2
reranked,10,"[123, 86, 37, 140, 112, 185, 138, 99, 129, 44]","[1.3029345, 0.71653605, 0.28734627, 0.24121074, -0.44925034, -0.6172725, -0.6274297, -1.1108528, 0.5420474, 0.13578767]","[4, 4, 4, 4, 4, 4, 4, 4, 3, 4]","[1, 1, 1, 1, 1, 0, 0, 0, 1, 1]","[6, 6, 6, 6, 6, 4, 4, 4, 5, 6]",0.7,0.975,0.8833333333333333,2
original,15,"[112, 44, 138, 99, 116, 180, 123, 154, 37, 184, 170, 86, 129, 117, 113]","[0.8513548455766535, 0.812229413606724, 0.7786973516450018, 0.754241050607359, 0.7524396004360506, 0.7137761056199801, 0.7036315451859436, 0.6966931766343119, 0.7790941288747391, 0.7017643903553692, 0.6877916535560825, 0.6830868264675437, 0.8294587993448996, 0.8020675624041378, 0.7929687750263298]","[4, 4, 4, 4, 4, 4, 4, 1, 4, 4, 1, 4, 3, 4, 4]","[1, 1, 0, 0, 0, 0, 1, 0, 1, 0, 0, 1, 1, 1, 1]","[6, 6, 4, 4, 4, 4, 6, 1, 6, 4, 1, 6, 5, 6, 6]",0.5333333333333333,0.8833333333333333,0.7666666666666667,2
reranked,15,"[123, 86, 37, 140, 112, 185, 138, 99, 129, 44, 170, 194, 116, 135, 83]","[1.3029345, 0.71653605, 0.28734627, 0.24121074, -0.44925034, -0.6172725, -0.6274297, -1.1108528, 0.5420474, 0.13578767, -0.989293, -1.0930848, -1.4691938, -1.7546268, -2.2739077]","[4, 4, 4, 4, 4, 4, 4, 4, 3, 4, 1, 4, 4, 4, 4]","[1, 1, 1, 1, 1, 0, 0, 0, 1, 1, 0, 0, 0, 0, 1]","[6, 6, 6, 6, 6, 4, 4, 4, 5, 6, 1, 4, 4, 4, 6]",0.5333333333333333,0.9333333333333333,0.8,2
original,20,"[112, 44, 138, 99, 116, 180, 123, 154, 37, 184, 170, 86, 129, 117, 113, 140, 134, 63, 135, 54]","[0.8513548455766535, 0.812229413606724, 0.7786973516450018, 0.754241050607359, 0.7524396004360506, 0.7137761056199801, 0.7036315451859436, 0.6966931766343119, 0.7790941288747391, 0.7017643903553692, 0.6877916535560825, 0.6830868264675437, 0.8294587993448996, 0.8020675624041378, 0.7929687750263298, 0.7907509556290867, 0.7803443007732274, 0.7779827587675121, 0.775946963860975, 0.7620691841205594]","[4, 4, 4, 4, 4, 4, 4, 1, 4, 4, 1, 4, 3, 4, 4, 4, 4, 4, 4, 3]","[1, 1, 0, 0, 0, 0, 1, 0, 1, 0, 0, 1, 1, 1, 1, 1, 1, 1, 0, 0]","[6, 6, 4, 4, 4, 4, 6, 1, 6, 4, 1, 6, 5, 6, 6, 6, 6, 6, 4, 3]",0.55,0.9,0.7833333333333333,2
reranked,20,"[123, 86, 37, 140, 112, 185, 138, 99, 129, 44, 170, 194, 116, 135, 83, 117, 79, 63, 54, 151]","[1.3029345, 0.71653605, 0.28734627, 0.24121074, -0.44925034, -0.6172725, -0.6274297, -1.1108528, 0.5420474, 0.13578767, -0.989293, -1.0930848, -1.4691938, -1.7546268, -2.2739077, 0.19090241, -0.03319674, -0.44599152, -0.89584595, -1.1263171]","[4, 4, 4, 4, 4, 4, 4, 4, 3, 4, 1, 4, 4, 4, 4, 4, 4, 4, 3, 1]","[1, 1, 1, 1, 1, 0, 0, 0, 1, 1, 0, 0, 0, 0, 1, 1, 1, 1, 0, 0]","[6, 6, 6, 6, 6, 4, 4, 4, 5, 6, 1, 4, 4, 4, 6, 6, 6, 6, 3, 1]",0.55,0.9,0.7833333333333333,2
original,25,"[112, 44, 138, 99, 116, 180, 123, 154, 37, 184, 170, 86, 129, 117, 113, 140, 134, 63, 135, 54, 133, 72, 71, 41, 84]","[0.8513548455766535, 0.812229413606724, 0.7786973516450018, 0.754241050607359, 0.7524396004360506, 0.7137761056199801, 0.7036315451859436, 0.6966931766343119, 0.7790941288747391, 0.7017643903553692, 0.6877916535560825, 0.6830868264675437, 0.8294587993448996, 0.8020675624041378, 0.7929687750263298, 0.7907509556290867, 0.7803443007732274, 0.7779827587675121, 0.775946963860975, 0.7620691841205594, 0.7504587444147708, 0.7452673518933757, 0.7393768615409743, 0.7342357108400288, 0.727599861723669]","[4, 4, 4, 4, 4, 4, 4, 1, 4, 4, 1, 4, 3, 4, 4, 4, 4, 4, 4, 3, 4, 4, 4, 4, 3]","[1, 1, 0, 0, 0, 0, 1, 0, 1, 0, 0, 1, 1, 1, 1, 1, 1, 1, 0, 0, 1, 1, 1, 1, 0]","[6, 6, 4, 4, 4, 4, 6, 1, 6, 4, 1, 6, 5, 6, 6, 6, 6, 6, 4, 3, 6, 6, 6, 6, 3]",0.6,0.91,0.8066666666666666,2
reranked,25,"[123, 86, 37, 140, 112, 185, 138, 99, 129, 44, 170, 194, 116, 135, 83, 117, 79, 63, 54, 151, 41, 196, 84, 113, 171]","[1.3029345, 0.71653605, 0.28734627, 0.24121074, -0.44925034, -0.6172725, -0.6274297, -1.1108528, 0.5420474, 0.13578767, -0.989293, -1.0930848, -1.4691938, -1.7546268, -2.2739077, 0.19090241, -0.03319674, -0.44599152, -0.89584595, -1.1263171, -1.1275647, -1.2505248, -1.344145, -1.5615497, -1.6408741]","[4, 4, 4, 4, 4, 4, 4, 4, 3, 4, 1, 4, 4, 4, 4, 4, 4, 4, 3, 1, 4, 4, 3, 4, 1]","[1, 1, 1, 1, 1, 0, 0, 0, 1, 1, 0, 0, 0, 0, 1, 1, 1, 1, 0, 0, 1, 0, 0, 1, 0]","[6, 6, 6, 6, 6, 4, 4, 4, 5, 6, 1, 4, 4, 4, 6, 6, 6, 6, 3, 1, 6, 4, 3, 6, 1]",0.52,0.88,0.76,2
original,10,"[112, 184, 44, 37, 130, 193, 179, 140, 123, 192]","[0.8614982753224858, 0.8114848898868495, 0.75040148285847, 0.731960556191126, 0.726114811876639, 0.7189102213877978, 0.7115518529298089, 0.6804133277621849, 0.8490542481163238, 0.7659529901484499]","[4, 4, 4, 4, 3, 4, 4, 4, 4, 3]","[1, 1, 1, 1, 0, 1, 1, 0, 0, 0]","[6, 6, 6, 6, 3, 6, 6, 4, 4, 3]",0.6,0.95,0.8333333333333334,3
reranked,10,"[140, 123, 99, 179, 193, 37, 116, 184, 138, 126]","[1.3188226, 1.1404414, -0.009099118, -0.0955325, -0.71602714, -1.8164803, -2.053846, 1.058677, 0.33872506, 0.09484292]","[4, 4, 4, 4, 4, 4, 4, 4, 4, 3]","[0, 0, 0, 1, 1, 1, 0, 1, 0, 0]","[4, 4, 4, 6, 6, 6, 4, 6, 4, 3]",0.4,0.975,0.7833333333333333,3
original,15,"[112, 184, 44, 37, 130, 193, 179, 140, 123, 192, 84, 126, 138, 129, 117]","[0.8614982753224858, 0.8114848898868495, 0.75040148285847, 0.731960556191126, 0.726114811876639, 0.7189102213877978, 0.7115518529298089, 0.6804133277621849, 0.8490542481163238, 0.7659529901484499, 0.7435123000615915, 0.7056092556139775, 0.838357888943513, 0.8182767521016223, 0.8051693151902164]","[4, 4, 4, 4, 3, 4, 4, 4, 4, 3, 3, 3, 4, 3, 4]","[1, 1, 1, 1, 0, 1, 1, 0, 0, 0, 0, 0, 0, 0, 0]","[6, 6, 6, 6, 3, 6, 6, 4, 4, 3, 3, 3, 4, 3, 4]",0.4,0.9166666666666666,0.7444444444444445,3
reranked,15,"[140, 123, 99, 179, 193, 37, 116, 184, 138, 126, 112, 79, 185, 63, 192]","[1.3188226, 1.1404414, -0.009099118, -0.0955325, -0.71602714, -1.8164803, -2.053846, 1.058677, 0.33872506, 0.09484292, -0.5924891, -0.8398799, -1.072598, -2.1511736, 0.83049023]","[4, 4, 4, 4, 4, 4, 4, 4, 4, 3, 4, 4, 4, 4, 3]","[0, 0, 0, 1, 1, 1, 0, 1, 0, 0, 1, 1, 1, 1, 0]","[4, 4, 4, 6, 6, 6, 4, 6, 4, 3, 6, 6, 6, 6, 3]",0.5333333333333333,0.9666666666666667,0.8222222222222222,3
original,20,"[112, 184, 44, 37, 130, 193, 179, 140, 123, 192, 84, 126, 138, 129, 117, 113, 116, 135, 133, 63]","[0.8614982753224858, 0.8114848898868495, 0.75040148285847, 0.731960556191126, 0.726114811876639, 0.7189102213877978, 0.7115518529298089, 0.6804133277621849, 0.8490542481163238, 0.7659529901484499, 0.7435123000615915, 0.7056092556139775, 0.838357888943513, 0.8182767521016223, 0.8051693151902164, 0.8023387311615737, 0.8003811596485113, 0.7916212380064157, 0.7873148405631761, 0.7421232693348911]","[4, 4, 4, 4, 3, 4, 4, 4, 4, 3, 3, 3, 4, 3, 4, 3, 4, 4, 4, 4]","[1, 1, 1, 1, 0, 1, 1, 0, 0, 0, 0, 0, 0, 0, 0, 1, 0, 0, 1, 1]","[6, 6, 6, 6, 3, 6, 6, 4, 4, 3, 3, 3, 4, 3, 4, 5, 4, 4, 6, 6]",0.45,0.925,0.7666666666666667,3
reranked,20,"[140, 123, 99, 179, 193, 37, 116, 184, 138, 126, 112, 79, 185, 63, 192, 180, 197, 178, 117, 113]","[1.3188226, 1.1404414, -0.009099118, -0.0955325, -0.71602714, -1.8164803, -2.053846, 1.058677, 0.33872506, 0.09484292, -0.5924891, -0.8398799, -1.072598, -2.1511736, 0.83049023, 0.75799507, 0.2929444, 0.25681585, -0.27931142, -0.39505634]","[4, 4, 4, 4, 4, 4, 4, 4, 4, 3, 4, 4, 4, 4, 3, 4, 4, 4, 4, 3]","[0, 0, 0, 1, 1, 1, 0, 1, 0, 0, 1, 1, 1, 1, 0, 1, 0, 1, 0, 1]","[4, 4, 4, 6, 6, 6, 4, 6, 4, 3, 6, 6, 6, 6, 3, 6, 4, 6, 4, 5]",0.55,0.9625,0.825,3
original,25,"[112, 184, 44, 37, 130, 193, 179, 140, 123, 192, 84, 126, 138, 129, 117, 113, 116, 135, 133, 63, 181, 180, 54, 73, 99]","[0.8614982753224858, 0.8114848898868495, 0.75040148285847, 0.731960556191126, 0.726114811876639, 0.7189102213877978, 0.7115518529298089, 0.6804133277621849, 0.8490542481163238, 0.7659529901484499, 0.7435123000615915, 0.7056092556139775, 0.838357888943513, 0.8182767521016223, 0.8051693151902164, 0.8023387311615737, 0.8003811596485113, 0.7916212380064157, 0.7873148405631761, 0.7421232693348911, 0.7381261030274011, 0.7379971995909218, 0.7305670884278659, 0.7298374581260197, 0.7292796506037633]","[4, 4, 4, 4, 3, 4, 4, 4, 4, 3, 3, 3, 4, 3, 4, 3, 4, 4, 4, 4, 4, 4, 4, 3, 4]","[1, 1, 1, 1, 0, 1, 1, 0, 0, 0, 0, 0, 0, 0, 0, 1, 0, 0, 1, 1, 1, 1, 1, 0, 0]","[6, 6, 6, 6, 3, 6, 6, 4, 4, 3, 3, 3, 4, 3, 4, 5, 4, 4, 6, 6, 6, 6, 6, 3, 4]",0.48,0.93,0.78,3
reranked,25,"[140, 123, 99, 179, 193, 37, 116, 184, 138, 126, 112, 79, 185, 63, 192, 180, 197, 178, 117, 113, 181, 129, 130, 187, 135]","[1.3188226, 1.1404414, -0.009099118, -0.0955325, -0.71602714, -1.8164803, -2.053846, 1.058677, 0.33872506, 0.09484292, -0.5924891, -0.8398799, -1.072598, -2.1511736, 0.83049023, 0.75799507, 0.2929444, 0.25681585, -0.27931142, -0.39505634, -0.43288964, -0.47995207, -0.88694346, -0.96225417, -1.0120645]","[4, 4, 4, 4, 4, 4, 4, 4, 4, 3, 4, 4, 4, 4, 3, 4, 4, 4, 4, 3, 4, 3, 3, 4, 4]","[0, 0, 0, 1, 1, 1, 0, 1, 0, 0, 1, 1, 1, 1, 0, 1, 0, 1, 0, 1, 1, 0, 0, 0, 0]","[4, 4, 4, 6, 6, 6, 4, 6, 4, 3, 6, 6, 6, 6, 3, 6, 4, 6, 4, 5, 6, 3, 3, 4, 4]",0.48,0.95,0.7933333333333333,3
original,10,"[131, 83, 184, 140, 37, 123, 127, 138, 200, 180]","[0.7915011866058803, 0.7664553355984395, 0.7254345806457989, 0.7231892443033583, 0.6913831475651424, 0.6748728506350354, 0.6651187285078207, 0.7800464296451124, 0.7560202049268536, 0.7218739237617351]","[3, 4, 4, 4, 4, 4, 4, 4, 4, 4]","[1, 1, 0, 0, 1, 0, 1, 1, 0, 0]","[5, 6, 4, 4, 6, 4, 6, 6, 4, 4]",0.5,0.975,0.8166666666666667,4
reranked,10,"[140, 76, 99, 178, 185, 112, 127, 125, 93, 86]","[1.5861429, 1.3776102, 1.2576882, 1.1530272, -0.97013706, -1.7741362, -3.3821192, 1.3690504, 1.2383835, 0.34378263]","[4, 4, 3, 4, 4, 4, 4, 3, 4, 3]","[0, 1, 0, 1, 1, 1, 1, 1, 0, 0]","[4, 6, 3, 6, 6, 6, 6, 5, 4, 3]",0.6,0.925,0.8166666666666667,4
original,15,"[131, 83, 184, 140, 37, 123, 127, 138, 200, 180, 112, 130, 178, 125, 126]","[0.7915011866058803, 0.7664553355984395, 0.7254345806457989, 0.7231892443033583, 0.6913831475651424, 0.6748728506350354, 0.6651187285078207, 0.7800464296451124, 0.7560202049268536, 0.7218739237617351, 0.6711660364470718, 0.6428044671600915, 0.5990732557360632, 0.7775729546484851, 0.7686759171020897]","[3, 4, 4, 4, 4, 4, 4, 4, 4, 4, 4, 3, 4, 3, 3]","[1, 1, 0, 0, 1, 0, 1, 1, 0, 0, 1, 1, 1, 1, 1]","[5, 6, 4, 4, 6, 4, 6, 6, 4, 4, 6, 5, 6, 5, 5]",0.6666666666666666,0.9333333333333333,0.8444444444444444,4
reranked,15,"[140, 76, 99, 178, 185, 112, 127, 125, 93, 86, 180, 126, 192, 129, 200]","[1.5861429, 1.3776102, 1.2576882, 1.1530272, -0.97013706, -1.7741362, -3.3821192, 1.3690504, 1.2383835, 0.34378263, -1.3159037, -1.8727568, -3.3849866, -3.7456858, 1.1068742]","[4, 4, 3, 4, 4, 4, 4, 3, 4, 3, 4, 3, 2, 3, 4]","[0, 1, 0, 1, 1, 1, 1, 1, 0, 0, 0, 1, 0, 1, 0]","[4, 6, 3, 6, 6, 6, 6, 5, 4, 3, 4, 5, 2, 5, 4]",0.5333333333333333,0.8833333333333333,0.7666666666666667,4
original,20,"[131, 83, 184, 140, 37, 123, 127, 138, 200, 180, 112, 130, 178, 125, 126, 135, 99, 79, 85, 196]","[0.7915011866058803, 0.7664553355984395, 0.7254345806457989, 0.7231892443033583, 0.6913831475651424, 0.6748728506350354, 0.6651187285078207, 0.7800464296451124, 0.7560202049268536, 0.7218739237617351, 0.6711660364470718, 0.6428044671600915, 0.5990732557360632, 0.7775729546484851, 0.7686759171020897, 0.7648084397719737, 0.7522052594998017, 0.7482398302770943, 0.7098148843956458, 0.7069300483589727]","[3, 4, 4, 4, 4, 4, 4, 4, 4, 4, 4, 3, 4, 3, 3, 4, 3, 4, 4, 4]","[1, 1, 0, 0, 1, 0, 1, 1, 0, 0, 1, 1, 1, 1, 1, 0, 0, 1, 1, 0]","[5, 6, 4, 4, 6, 4, 6, 6, 4, 4, 6, 5, 6, 5, 5, 4, 3, 6, 6, 4]",0.6,0.9375,0.825,4
reranked,20,"[140, 76, 99, 178, 185, 112, 127, 125, 93, 86, 180, 126, 192, 129, 200, 79, 85, 83, 90, 87]","[1.5861429, 1.3776102, 1.2576882, 1.1530272, -0.97013706, -1.7741362, -3.3821192, 1.3690504, 1.2383835, 0.34378263, -1.3159037, -1.8727568, -3.3849866, -3.7456858, 1.1068742, 0.7082726, 0.6855785, 0.28024164, 0.10778094, 0.031284697]","[4, 4, 3, 4, 4, 4, 4, 3, 4, 3, 4, 3, 2, 3, 4, 4, 4, 4, 4, 4]","[0, 1, 0, 1, 1, 1, 1, 1, 0, 0, 0, 1, 0, 1, 0, 1, 1, 1, 1, 1]","[4, 6, 3, 6, 6, 6, 6, 5, 4, 3, 4, 5, 2, 5, 4, 6, 6, 6, 6, 6]",0.65,0.9125,0.825,4
original,25,"[131, 83, 184, 140, 37, 123, 127, 138, 200, 180, 112, 130, 178, 125, 126, 135, 99, 79, 85, 196, 93, 90, 134, 185, 133]","[0.7915011866058803, 0.7664553355984395, 0.7254345806457989, 0.7231892443033583, 0.6913831475651424, 0.6748728506350354, 0.6651187285078207, 0.7800464296451124, 0.7560202049268536, 0.7218739237617351, 0.6711660364470718, 0.6428044671600915, 0.5990732557360632, 0.7775729546484851, 0.7686759171020897, 0.7648084397719737, 0.7522052594998017, 0.7482398302770943, 0.7098148843956458, 0.7069300483589727, 0.7029512641022767, 0.6991621134886488, 0.6895953609045009, 0.689148088867571, 0.6826476774899528]","[3, 4, 4, 4, 4, 4, 4, 4, 4, 4, 4, 3, 4, 3, 3, 4, 3, 4, 4, 4, 4, 4, 4, 4, 4]","[1, 1, 0, 0, 1, 0, 1, 1, 0, 0, 1, 1, 1, 1, 1, 0, 0, 1, 1, 0, 0, 1, 0, 1, 0]","[5, 6, 4, 4, 6, 4, 6, 6, 4, 4, 6, 5, 6, 5, 5, 4, 3, 6, 6, 4, 4, 6, 4, 6, 4]",0.56,0.95,0.82,4
reranked,25,"[140, 76, 99, 178, 185, 112, 127, 125, 93, 86, 180, 126, 192, 129, 200, 79, 85, 83, 90, 87, 138, 131, 130, 135, 196]","[1.5861429, 1.3776102, 1.2576882, 1.1530272, -0.97013706, -1.7741362, -3.3821192, 1.3690504, 1.2383835, 0.34378263, -1.3159037, -1.8727568, -3.3849866, -3.7456858, 1.1068742, 0.7082726, 0.6855785, 0.28024164, 0.10778094, 0.031284697, 0.025215514, -0.24089944, -0.3520972, -0.655452, -0.66898257]","[4, 4, 3, 4, 4, 4, 4, 3, 4, 3, 4, 3, 2, 3, 4, 4, 4, 4, 4, 4, 4, 3, 3, 4, 4]","[0, 1, 0, 1, 1, 1, 1, 1, 0, 0, 0, 1, 0, 1, 0, 1, 1, 1, 1, 1, 1, 1, 1, 0, 0]","[4, 6, 3, 6, 6, 6, 6, 5, 4, 3, 4, 5, 2, 5, 4, 6, 6, 6, 6, 6, 6, 5, 5, 4, 4]",0.64,0.91,0.82,4
original,10,"[112, 44, 37, 82, 99, 85, 78, 145, 140, 42]","[0.8369225091898986, 0.7652854504549194, 0.7632218302537779, 0.756401119911065, 0.7476622819453989, 0.7209027639320176, 0.6940179593101319, 0.6628191920434983, 0.8282611878002886, 0.7499770395577348]","[4, 4, 4, 4, 2, 4, 4, 4, 4, 4]","[1, 1, 1, 1, 0, 1, 1, 1, 1, 1]","[6, 6, 6, 6, 2, 6, 6, 6, 6, 6]",0.9,0.95,0.9333333333333333,5
reranked,10,"[104, 85, 107, 140, 87, 82, 37, 102, 154, 138]","[1.2680658, 0.7778195, 0.4148636, 0.3644897, -0.20823117, -1.0094981, -1.0880096, -1.5620074, 0.7561122, -0.06513642]","[4, 4, 3, 4, 4, 4, 4, 3, 1, 3]","[1, 1, 1, 1, 1, 1, 1, 0, 0, 0]","[6, 6, 5, 6, 6, 6, 6, 3, 1, 3]",0.7,0.85,0.8,5
original,15,"[112, 44, 37, 82, 99, 85, 78, 145, 140, 42, 83, 184, 180, 138, 123]","[0.8369225091898986, 0.7652854504549194, 0.7632218302537779, 0.756401119911065, 0.7476622819453989, 0.7209027639320176, 0.6940179593101319, 0.6628191920434983, 0.8282611878002886, 0.7499770395577348, 0.7230139283161059, 0.6930564245493434, 0.6331965666362797, 0.8261599060948384, 0.8163948880488363]","[4, 4, 4, 4, 2, 4, 4, 4, 4, 4, 4, 4, 3, 3, 4]","[1, 1, 1, 1, 0, 1, 1, 1, 1, 1, 1, 0, 0, 0, 1]","[6, 6, 6, 6, 2, 6, 6, 6, 6, 6, 6, 4, 3, 3, 6]",0.7333333333333333,0.9333333333333333,0.8666666666666667,5
reranked,15,"[104, 85, 107, 140, 87, 82, 37, 102, 154, 138, 76, 105, 44, 78, 93]","[1.2680658, 0.7778195, 0.4148636, 0.3644897, -0.20823117, -1.0094981, -1.0880096, -1.5620074, 0.7561122, -0.06513642, -0.9573035, -1.0902228, -1.1916299, -2.2971556, 0.45975605]","[4, 4, 3, 4, 4, 4, 4, 3, 1, 3, 4, 3, 4, 4, 4]","[1, 1, 1, 1, 1, 1, 1, 0, 0, 0, 1, 0, 1, 1, 1]","[6, 6, 5, 6, 6, 6, 6, 3, 1, 3, 6, 3, 6, 6, 6]",0.7333333333333333,0.8833333333333333,0.8333333333333334,5
original,20,"[112, 44, 37, 82, 99, 85, 78, 145, 140, 42, 83, 184, 180, 138, 123, 134, 133, 135, 116, 117]","[0.8369225091898986, 0.7652854504549194, 0.7632218302537779, 0.756401119911065, 0.7476622819453989, 0.7209027639320176, 0.6940179593101319, 0.6628191920434983, 0.8282611878002886, 0.7499770395577348, 0.7230139283161059, 0.6930564245493434, 0.6331965666362797, 0.8261599060948384, 0.8163948880488363, 0.797950087089526, 0.7959765391259338, 0.7926807669202145, 0.7891081793070882, 0.7858377841685396]","[4, 4, 4, 4, 2, 4, 4, 4, 4, 4, 4, 4, 3, 3, 4, 4, 4, 3, 2, 4]","[1, 1, 1, 1, 0, 1, 1, 1, 1, 1, 1, 0, 0, 0, 1, 0, 0, 0, 0, 1]","[6, 6, 6, 6, 2, 6, 6, 6, 6, 6, 6, 4, 3, 3, 6, 4, 4, 3, 2, 6]",0.6,0.9125,0.8083333333333333,5
reranked,20,"[104, 85, 107, 140, 87, 82, 37, 102, 154, 138, 76, 105, 44, 78, 93, 152, 108, 83, 200, 197]","[1.2680658, 0.7778195, 0.4148636, 0.3644897, -0.20823117, -1.0094981, -1.0880096, -1.5620074, 0.7561122, -0.06513642, -0.9573035, -1.0902228, -1.1916299, -2.2971556, 0.45975605, -0.15925841, -0.3628166, -0.42801988, -0.5205969, -0.6102128]","[4, 4, 3, 4, 4, 4, 4, 3, 1, 3, 4, 3, 4, 4, 4, 1, 4, 4, 4, 4]","[1, 1, 1, 1, 1, 1, 1, 0, 0, 0, 1, 0, 1, 1, 1, 0, 1, 1, 1, 0]","[6, 6, 5, 6, 6, 6, 6, 3, 1, 3, 6, 3, 6, 6, 6, 1, 6, 6, 6, 4]",0.7,0.875,0.8166666666666667,5
original,25,"[112, 44, 37, 82, 99, 85, 78, 145, 140, 42, 83, 184, 180, 138, 123, 134, 133, 135, 116, 117, 122, 41, 54, 68, 104]","[0.8369225091898986, 0.7652854504549194, 0.7632218302537779, 0.756401119911065, 0.7476622819453989, 0.7209027639320176, 0.6940179593101319, 0.6628191920434983, 0.8282611878002886, 0.7499770395577348, 0.7230139283161059, 0.6930564245493434, 0.6331965666362797, 0.8261599060948384, 0.8163948880488363, 0.797950087089526, 0.7959765391259338, 0.7926807669202145, 0.7891081793070882, 0.7858377841685396, 0.7763378983533029, 0.7387125924801532, 0.7376623137739307, 0.7260128638133938, 0.717202609436281]","[4, 4, 4, 4, 2, 4, 4, 4, 4, 4, 4, 4, 3, 3, 4, 4, 4, 3, 2, 4, 4, 4, 4, 4, 4]","[1, 1, 1, 1, 0, 1, 1, 1, 1, 1, 1, 0, 0, 0, 1, 0, 0, 0, 0, 1, 0, 1, 1, 0, 1]","[6, 6, 6, 6, 2, 6, 6, 6, 6, 6, 6, 4, 3, 3, 6, 4, 4, 3, 2, 6, 4, 6, 6, 4, 6]",0.6,0.93,0.82,5
reranked,25,"[104, 85, 107, 140, 87, 82, 37, 102, 154, 138, 76, 105, 44, 78, 93, 152, 108, 83, 200, 197, 99, 94, 135, 79, 199]","[1.2680658, 0.7778195, 0.4148636, 0.3644897, -0.20823117, -1.0094981, -1.0880096, -1.5620074, 0.7561122, -0.06513642, -0.9573035, -1.0902228, -1.1916299, -2.2971556, 0.45975605, -0.15925841, -0.3628166, -0.42801988, -0.5205969, -0.6102128, -0.6184342, -0.64844316, -0.76802504, -0.81290114, -0.9062388]","[4, 4, 3, 4, 4, 4, 4, 3, 1, 3, 4, 3, 4, 4, 4, 1, 4, 4, 4, 4, 2, 4, 3, 4, 4]","[1, 1, 1, 1, 1, 1, 1, 0, 0, 0, 1, 0, 1, 1, 1, 0, 1, 1, 1, 0, 0, 1, 0, 1, 0]","[6, 6, 5, 6, 6, 6, 6, 3, 1, 3, 6, 3, 6, 6, 6, 1, 6, 6, 6, 4, 2, 6, 3, 6, 4]",0.64,0.87,0.7933333333333333,5
original,10,"[83, 123, 44, 99, 144, 112, 184, 68, 178, 41]","[0.8473386658592217, 0.8265833244653005, 0.8230652894183352, 0.7928884680000907, 0.7551773761970384, 0.7492219943678615, 0.7157137711993358, 0.6918314311962774, 0.6684750325061015, 0.7794710191831888]","[4, 4, 4, 4, 3, 4, 4, 3, 4, 4]","[0, 0, 1, 0, 0, 1, 0, 0, 1, 1]","[4, 4, 6, 4, 3, 6, 4, 3, 6, 6]",0.4,0.95,0.7666666666666667,6
reranked,10,"[170, 63, 86, 144, 178, 79, 135, 37, 113, 149]","[1.2271123, 1.0975773, 0.738152, -0.17338435, -0.74041504, -0.7441739, -1.5807276, -1.8085036, -2.6248848, 0.9138604]","[1, 4, 4, 3, 4, 4, 4, 4, 4, 3]","[0, 1, 0, 0, 1, 1, 0, 1, 1, 0]","[1, 6, 4, 3, 6, 6, 4, 6, 6, 3]",0.5,0.875,0.75,6
original,15,"[83, 123, 44, 99, 144, 112, 184, 68, 178, 41, 180, 152, 140, 145, 138]","[0.8473386658592217, 0.8265833244653005, 0.8230652894183352, 0.7928884680000907, 0.7551773761970384, 0.7492219943678615, 0.7157137711993358, 0.6918314311962774, 0.6684750325061015, 0.7794710191831888, 0.690977309188494, 0.6900425102199166, 0.6647992113080963, 0.6611694560469479, 0.7876741423911153]","[4, 4, 4, 4, 3, 4, 4, 3, 4, 4, 4, 1, 4, 4, 3]","[0, 0, 1, 0, 0, 1, 0, 0, 1, 1, 0, 0, 0, 1, 0]","[4, 4, 6, 4, 3, 6, 4, 3, 6, 6, 4, 1, 4, 6, 3]",0.3333333333333333,0.9,0.7111111111111111,6
reranked,15,"[170, 63, 86, 144, 178, 79, 135, 37, 113, 149, 44, 64, 108, 140, 128]","[1.2271123, 1.0975773, 0.738152, -0.17338435, -0.74041504, -0.7441739, -1.5807276, -1.8085036, -2.6248848, 0.9138604, 0.6591564, 0.51417553, -0.8840018, -1.047652, -1.2420734]","[1, 4, 4, 3, 4, 4, 4, 4, 4, 3, 4, 4, 2, 4, 3]","[0, 1, 0, 0, 1, 1, 0, 1, 1, 0, 1, 1, 0, 0, 0]","[1, 6, 4, 3, 6, 6, 4, 6, 6, 3, 6, 6, 2, 4, 3]",0.4666666666666667,0.8666666666666667,0.7333333333333333,6
original,20,"[83, 123, 44, 99, 144, 112, 184, 68, 178, 41, 180, 152, 140, 145, 138, 117, 54, 129, 63, 52]","[0.8473386658592217, 0.8265833244653005, 0.8230652894183352, 0.7928884680000907, 0.7551773761970384, 0.7492219943678615, 0.7157137711993358, 0.6918314311962774, 0.6684750325061015, 0.7794710191831888, 0.690977309188494, 0.6900425102199166, 0.6647992113080963, 0.6611694560469479, 0.7876741423911153, 0.7821506061793949, 0.770644739996613, 0.7674091446618573, 0.7566794054816369, 0.7544104440289835]","[4, 4, 4, 4, 3, 4, 4, 3, 4, 4, 4, 1, 4, 4, 3, 4, 3, 3, 4, 3]","[0, 0, 1, 0, 0, 1, 0, 0, 1, 1, 0, 0, 0, 1, 0, 0, 1, 0, 1, 1]","[4, 4, 6, 4, 3, 6, 4, 3, 6, 6, 4, 1, 4, 6, 3, 4, 5, 3, 6, 5]",0.4,0.8875,0.725,6
reranked,20,"[170, 63, 86, 144, 178, 79, 135, 37, 113, 149, 44, 64, 108, 140, 128, 117, 112, 123, 130, 174]","[1.2271123, 1.0975773, 0.738152, -0.17338435, -0.74041504, -0.7441739, -1.5807276, -1.8085036, -2.6248848, 0.9138604, 0.6591564, 0.51417553, -0.8840018, -1.047652, -1.2420734, -1.62635, -2.524694, -3.3212874, -3.8101816, 0.7903912]","[1, 4, 4, 3, 4, 4, 4, 4, 4, 3, 4, 4, 2, 4, 3, 4, 4, 4, 3, 1]","[0, 1, 0, 0, 1, 1, 0, 1, 1, 0, 1, 1, 0, 0, 0, 0, 1, 0, 0, 0]","[1, 6, 4, 3, 6, 6, 4, 6, 6, 3, 6, 6, 2, 4, 3, 4, 6, 4, 3, 1]",0.4,0.85,0.7,6
original,25,"[83, 123, 44, 99, 144, 112, 184, 68, 178, 41, 180, 152, 140, 145, 138, 117, 54, 129, 63, 52, 71, 42, 79, 121, 84]","[0.8473386658592217, 0.8265833244653005, 0.8230652894183352, 0.7928884680000907, 0.7551773761970384, 0.7492219943678615, 0.7157137711993358, 0.6918314311962774, 0.6684750325061015, 0.7794710191831888, 0.690977309188494, 0.6900425102199166, 0.6647992113080963, 0.6611694560469479, 0.7876741423911153, 0.7821506061793949, 0.770644739996613, 0.7674091446618573, 0.7566794054816369, 0.7544104440289835, 0.7538253520411813, 0.7533831203213303, 0.7501123862885605, 0.7500239522645238, 0.7477257685058242]","[4, 4, 4, 4, 3, 4, 4, 3, 4, 4, 4, 1, 4, 4, 3, 4, 3, 3, 4, 3, 4, 4, 4, 3, 3]","[0, 0, 1, 0, 0, 1, 0, 0, 1, 1, 0, 0, 0, 1, 0, 0, 1, 0, 1, 1, 1, 1, 1, 0, 0]","[4, 4, 6, 4, 3, 6, 4, 3, 6, 6, 4, 1, 4, 6, 3, 4, 5, 3, 6, 5, 6, 6, 6, 3, 3]",0.44,0.89,0.74,6
reranked,25,"[170, 63, 86, 144, 178, 79, 135, 37, 113, 149, 44, 64, 108, 140, 128, 117, 112, 123, 130, 174, 68, 99, 41, 85, 154]","[1.2271123, 1.0975773, 0.738152, -0.17338435, -0.74041504, -0.7441739, -1.5807276, -1.8085036, -2.6248848, 0.9138604, 0.6591564, 0.51417553, -0.8840018, -1.047652, -1.2420734, -1.62635, -2.524694, -3.3212874, -3.8101816, 0.7903912, 0.23064399, 0.13992676, 0.0010459125, -0.11338581, -0.36336723]","[1, 4, 4, 3, 4, 4, 4, 4, 4, 3, 4, 4, 2, 4, 3, 4, 4, 4, 3, 1, 3, 4, 4, 4, 1]","[0, 1, 0, 0, 1, 1, 0, 1, 1, 0, 1, 1, 0, 0, 0, 0, 1, 0, 0, 0, 0, 0, 1, 0, 0]","[1, 6, 4, 3, 6, 6, 4, 6, 6, 3, 6, 6, 2, 4, 3, 4, 6, 4, 3, 1, 3, 4, 6, 4, 1]",0.36,0.84,0.68,6
original,10,"[188, 38, 140, 99, 187, 180, 37, 181, 123, 184]","[0.8570008000543078, 0.8019891939155172, 0.7834309482697014, 0.7584685952679469, 0.7332363293515134, 0.7073434109967223, 0.6738494183811184, 0.7833436992163179, 0.7591761716734331, 0.7079374641932163]","[4, 4, 3, 4, 3, 3, 4, 4, 3, 4]","[1, 1, 1, 1, 1, 1, 1, 1, 1, 1]","[6, 6, 5, 6, 5, 5, 6, 6, 5, 6]",1.0,0.9,0.9333333333333333,7
reranked,10,"[188, 91, 140, 86, 99, 38, 105, 197, 138, 45]","[3.1438565, 2.0308504, 1.896701, 0.82900774, 0.14839907, -0.690136, 1.7748954, 0.44660997, -0.01310239, -1.0314237]","[4, 3, 3, 2, 4, 4, 3, 3, 1, 4]","[1, 0, 1, 0, 1, 1, 1, 1, 0, 1]","[6, 3, 5, 2, 6, 6, 5, 5, 1, 6]",0.7,0.775,0.75,7
original,15,"[188, 38, 140, 99, 187, 180, 37, 181, 123, 184, 138, 68, 113, 197, 135]","[0.8570008000543078, 0.8019891939155172, 0.7834309482697014, 0.7584685952679469, 0.7332363293515134, 0.7073434109967223, 0.6738494183811184, 0.7833436992163179, 0.7591761716734331, 0.7079374641932163, 0.6850853933681227, 0.6822544842411049, 0.6678114729921683, 0.6548120188691754, 0.7515906561408549]","[4, 4, 3, 4, 3, 3, 4, 4, 3, 4, 1, 1, 3, 3, 3]","[1, 1, 1, 1, 1, 1, 1, 1, 1, 1, 0, 0, 1, 1, 1]","[6, 6, 5, 6, 5, 5, 6, 6, 5, 6, 1, 1, 5, 5, 5]",0.8666666666666667,0.7833333333333333,0.8111111111111111,7
reranked,15,"[188, 91, 140, 86, 99, 38, 105, 197, 138, 45, 63, 37, 85, 116, 76]","[3.1438565, 2.0308504, 1.896701, 0.82900774, 0.14839907, -0.690136, 1.7748954, 0.44660997, -0.01310239, -1.0314237, -1.8230875, -2.8626924, 1.1443778, 1.0030434, 0.6497614]","[4, 3, 3, 2, 4, 4, 3, 3, 1, 4, 4, 4, 3, 2, 4]","[1, 0, 1, 0, 1, 1, 1, 1, 0, 1, 1, 1, 1, 0, 1]","[6, 3, 5, 2, 6, 6, 5, 5, 1, 6, 6, 6, 5, 2, 6]",0.7333333333333333,0.8,0.7777777777777778,7
original,20,"[188, 38, 140, 99, 187, 180, 37, 181, 123, 184, 138, 68, 113, 197, 135, 133, 112, 178, 134, 117]","[0.8570008000543078, 0.8019891939155172, 0.7834309482697014, 0.7584685952679469, 0.7332363293515134, 0.7073434109967223, 0.6738494183811184, 0.7833436992163179, 0.7591761716734331, 0.7079374641932163, 0.6850853933681227, 0.6822544842411049, 0.6678114729921683, 0.6548120188691754, 0.7515906561408549, 0.7499683827687843, 0.747713086133799, 0.7403834133004312, 0.7306553914079017, 0.7263364893648205]","[4, 4, 3, 4, 3, 3, 4, 4, 3, 4, 1, 1, 3, 3, 3, 4, 3, 4, 3, 4]","[1, 1, 1, 1, 1, 1, 1, 1, 1, 1, 0, 0, 1, 1, 1, 1, 0, 1, 1, 1]","[6, 6, 5, 6, 5, 5, 6, 6, 5, 6, 1, 1, 5, 5, 5, 6, 3, 6, 5, 6]",0.85,0.8125,0.825,7
reranked,20,"[188, 91, 140, 86, 99, 38, 105, 197, 138, 45, 63, 37, 85, 116, 76, 92, 134, 123, 112, 135]","[3.1438565, 2.0308504, 1.896701, 0.82900774, 0.14839907, -0.690136, 1.7748954, 0.44660997, -0.01310239, -1.0314237, -1.8230875, -2.8626924, 1.1443778, 1.0030434, 0.6497614, 0.38683265, 0.17281087, -0.05973406, -0.36130336, -0.42027402]","[4, 3, 3, 2, 4, 4, 3, 3, 1, 4, 4, 4, 3, 2, 4, 1, 3, 3, 3, 3]","[1, 0, 1, 0, 1, 1, 1, 1, 0, 1, 1, 1, 1, 0, 1, 0, 1, 1, 0, 1]","[6, 3, 5, 2, 6, 6, 5, 5, 1, 6, 6, 6, 5, 2, 6, 1, 5, 5, 3, 5]",0.7,0.7625,0.7416666666666667,7
original,25,"[188, 38, 140, 99, 187, 180, 37, 181, 123, 184, 138, 68, 113, 197, 135, 133, 112, 178, 134, 117, 116, 105, 54, 44, 137]","[0.8570008000543078, 0.8019891939155172, 0.7834309482697014, 0.7584685952679469, 0.7332363293515134, 0.7073434109967223, 0.6738494183811184, 0.7833436992163179, 0.7591761716734331, 0.7079374641932163, 0.6850853933681227, 0.6822544842411049, 0.6678114729921683, 0.6548120188691754, 0.7515906561408549, 0.7499683827687843, 0.747713086133799, 0.7403834133004312, 0.7306553914079017, 0.7263364893648205, 0.7234503774577934, 0.6956700062526695, 0.6919234364584335, 0.6887285043017364, 0.6839130820004078]","[4, 4, 3, 4, 3, 3, 4, 4, 3, 4, 1, 1, 3, 3, 3, 4, 3, 4, 3, 4, 2, 3, 3, 3, 2]","[1, 1, 1, 1, 1, 1, 1, 1, 1, 1, 0, 0, 1, 1, 1, 1, 0, 1, 1, 1, 0, 1, 1, 1, 0]","[6, 6, 5, 6, 5, 5, 6, 6, 5, 6, 1, 1, 5, 5, 5, 6, 3, 6, 5, 6, 2, 5, 5, 5, 2]",0.8,0.78,0.7866666666666666,7
reranked,25,"[188, 91, 140, 86, 99, 38, 105, 197, 138, 45, 63, 37, 85, 116, 76, 92, 134, 123, 112, 135, 7, 133, 117, 79, 184]","[3.1438565, 2.0308504, 1.896701, 0.82900774, 0.14839907, -0.690136, 1.7748954, 0.44660997, -0.01310239, -1.0314237, -1.8230875, -2.8626924, 1.1443778, 1.0030434, 0.6497614, 0.38683265, 0.17281087, -0.05973406, -0.36130336, -0.42027402, -0.67433625, -0.74151206, -0.78117263, -0.807957, -1.0047947]","[4, 3, 3, 2, 4, 4, 3, 3, 1, 4, 4, 4, 3, 2, 4, 1, 3, 3, 3, 3, 1, 4, 4, 4, 4]","[1, 0, 1, 0, 1, 1, 1, 1, 0, 1, 1, 1, 1, 0, 1, 0, 1, 1, 0, 1, 0, 1, 1, 1, 1]","[6, 3, 5, 2, 6, 6, 5, 5, 1, 6, 6, 6, 5, 2, 6, 1, 5, 5, 3, 5, 1, 6, 6, 6, 6]",0.72,0.78,0.76,7
original,10,"[112, 184, 96, 99, 79, 83, 123, 72, 179, 138]","[0.848770307514899, 0.7475849178639007, 0.7453689269627833, 0.7373500623577057, 0.7302283129069849, 0.7227641297697065, 0.8336213867586204, 0.7440131284978462, 0.7274715698563758, 0.817485314782507]","[4, 4, 4, 4, 4, 4, 3, 4, 4, 3]","[1, 1, 1, 0, 1, 1, 0, 1, 0, 0]","[6, 6, 6, 4, 6, 6, 3, 6, 4, 3]",0.6,0.95,0.8333333333333334,8
reranked,10,"[93, 111, 85, 178, 79, 76, 185, 140, 179, 72]","[3.2106833, 3.1142817, 2.055709, 1.5134485, 1.2121383, 0.8185477, 0.5430403, 0.031162418, -0.94359434, -1.5871174]","[3, 4, 4, 4, 4, 4, 4, 4, 4, 4]","[1, 0, 1, 1, 1, 1, 0, 1, 0, 1]","[5, 4, 6, 6, 6, 6, 4, 6, 4, 6]",0.7,0.975,0.8833333333333333,8
original,15,"[112, 184, 96, 99, 79, 83, 123, 72, 179, 138, 117, 129, 116, 121, 140]","[0.848770307514899, 0.7475849178639007, 0.7453689269627833, 0.7373500623577057, 0.7302283129069849, 0.7227641297697065, 0.8336213867586204, 0.7440131284978462, 0.7274715698563758, 0.817485314782507, 0.8029120116053867, 0.7863043079739027, 0.7711982995978346, 0.7689896292101494, 0.764732232812384]","[4, 4, 4, 4, 4, 4, 3, 4, 4, 3, 3, 1, 2, 2, 4]","[1, 1, 1, 0, 1, 1, 0, 1, 0, 0, 1, 0, 0, 0, 1]","[6, 6, 6, 4, 6, 6, 3, 6, 4, 3, 5, 1, 2, 2, 6]",0.5333333333333333,0.8333333333333334,0.7333333333333333,8
reranked,15,"[93, 111, 85, 178, 79, 76, 185, 140, 179, 72, 123, 83, 117, 44, 101]","[3.2106833, 3.1142817, 2.055709, 1.5134485, 1.2121383, 0.8185477, 0.5430403, 0.031162418, -0.94359434, -1.5871174, 1.9104241, 0.014413103, -0.31284726, -1.9270504, 2.0220544]","[3, 4, 4, 4, 4, 4, 4, 4, 4, 4, 3, 4, 3, 4, 2]","[1, 0, 1, 1, 1, 1, 0, 1, 0, 1, 0, 1, 1, 1, 0]","[5, 4, 6, 6, 6, 6, 4, 6, 4, 6, 3, 6, 5, 6, 2]",0.6666666666666666,0.9166666666666666,0.8333333333333334,8
original,20,"[112, 184, 96, 99, 79, 83, 123, 72, 179, 138, 117, 129, 116, 121, 140, 113, 44, 111, 93, 63]","[0.848770307514899, 0.7475849178639007, 0.7453689269627833, 0.7373500623577057, 0.7302283129069849, 0.7227641297697065, 0.8336213867586204, 0.7440131284978462, 0.7274715698563758, 0.817485314782507, 0.8029120116053867, 0.7863043079739027, 0.7711982995978346, 0.7689896292101494, 0.764732232812384, 0.7424969861664562, 0.7422543400466299, 0.7358505520517401, 0.7230471842240817, 0.7134222978385418]","[4, 4, 4, 4, 4, 4, 3, 4, 4, 3, 3, 1, 2, 2, 4, 4, 4, 4, 3, 4]","[1, 1, 1, 0, 1, 1, 0, 1, 0, 0, 1, 0, 0, 0, 1, 0, 1, 0, 1, 1]","[6, 6, 6, 4, 6, 6, 3, 6, 4, 3, 5, 1, 2, 2, 6, 4, 6, 4, 5, 6]",0.55,0.8625,0.7583333333333333,8
reranked,20,"[93, 111, 85, 178, 79, 76, 185, 140, 179, 72, 123, 83, 117, 44, 101, 121, 90, 96, 138, 99]","[3.2106833, 3.1142817, 2.055709, 1.5134485, 1.2121383, 0.8185477, 0.5430403, 0.031162418, -0.94359434, -1.5871174, 1.9104241, 0.014413103, -0.31284726, -1.9270504, 2.0220544, 1.6440091, 1.5175, 1.4257829, 1.4155847, 1.2326543]","[3, 4, 4, 4, 4, 4, 4, 4, 4, 4, 3, 4, 3, 4, 2, 2, 4, 4, 3, 4]","[1, 0, 1, 1, 1, 1, 0, 1, 0, 1, 0, 1, 1, 1, 0, 0, 1, 1, 0, 0]","[5, 4, 6, 6, 6, 6, 4, 6, 4, 6, 3, 6, 5, 6, 2, 2, 6, 6, 3, 4]",0.6,0.9,0.8,8
original,25,"[112, 184, 96, 99, 79, 83, 123, 72, 179, 138, 117, 129, 116, 121, 140, 113, 44, 111, 93, 63, 68, 85, 137, 37, 185]","[0.848770307514899, 0.7475849178639007, 0.7453689269627833, 0.7373500623577057, 0.7302283129069849, 0.7227641297697065, 0.8336213867586204, 0.7440131284978462, 0.7274715698563758, 0.817485314782507, 0.8029120116053867, 0.7863043079739027, 0.7711982995978346, 0.7689896292101494, 0.764732232812384, 0.7424969861664562, 0.7422543400466299, 0.7358505520517401, 0.7230471842240817, 0.7134222978385418, 0.7122265854060335, 0.7121946152356207, 0.7115159299677378, 0.7096656521856056, 0.7039929747598708]","[4, 4, 4, 4, 4, 4, 3, 4, 4, 3, 3, 1, 2, 2, 4, 4, 4, 4, 3, 4, 3, 4, 4, 4, 4]","[1, 1, 1, 0, 1, 1, 0, 1, 0, 0, 1, 0, 0, 0, 1, 0, 1, 0, 1, 1, 1, 1, 0, 1, 0]","[6, 6, 6, 4, 6, 6, 3, 6, 4, 3, 5, 1, 2, 2, 6, 4, 6, 4, 5, 6, 5, 6, 4, 6, 4]",0.56,0.88,0.7733333333333333,8
reranked,25,"[93, 111, 85, 178, 79, 76, 185, 140, 179, 72, 123, 83, 117, 44, 101, 121, 90, 96, 138, 99, 112, 200, 116, 86, 68]","[3.2106833, 3.1142817, 2.055709, 1.5134485, 1.2121383, 0.8185477, 0.5430403, 0.031162418, -0.94359434, -1.5871174, 1.9104241, 0.014413103, -0.31284726, -1.9270504, 2.0220544, 1.6440091, 1.5175, 1.4257829, 1.4155847, 1.2326543, 0.99596703, 0.77536166, 0.66104996, 0.5640286, 0.22128862]","[3, 4, 4, 4, 4, 4, 4, 4, 4, 4, 3, 4, 3, 4, 2, 2, 4, 4, 3, 4, 4, 4, 2, 4, 3]","[1, 0, 1, 1, 1, 1, 0, 1, 0, 1, 0, 1, 1, 1, 0, 0, 1, 1, 0, 0, 1, 1, 0, 0, 1]","[5, 4, 6, 6, 6, 6, 4, 6, 4, 6, 3, 6, 5, 6, 2, 2, 6, 6, 3, 4, 6, 6, 2, 4, 5]",0.6,0.89,0.7933333333333333,8
original,10,"[181, 123, 188, 99, 92, 180, 171, 93, 140, 38]","[0.8691274570415037, 0.8652348942964343, 0.8292024166938563, 0.8096265651766477, 0.7907173446723312, 0.7425408196671248, 0.7421651621182047, 0.6977572834575244, 0.6881915507545525, 0.8671857459356644]","[4, 3, 4, 4, 4, 4, 1, 3, 3, 4]","[1, 1, 1, 1, 1, 1, 0, 1, 1, 1]","[6, 5, 6, 6, 6, 6, 1, 5, 5, 6]",0.9,0.85,0.8666666666666667,9
reranked,10,"[172, 195, 105, 38, 123, 188, 193, 178, 145, 112]","[2.0524383, 1.9662085, 1.8494853, 1.3618293, 0.42994383, 0.41009384, -1.1168617, -1.2007098, -3.9752607, -4.1067047]","[1, 4, 4, 4, 3, 4, 4, 4, 4, 3]","[0, 1, 1, 1, 1, 1, 1, 1, 1, 1]","[1, 6, 6, 6, 5, 6, 6, 6, 6, 5]",0.9,0.875,0.8833333333333333,9
original,15,"[181, 123, 188, 99, 92, 180, 171, 93, 140, 38, 112, 195, 193, 105, 152]","[0.8691274570415037, 0.8652348942964343, 0.8292024166938563, 0.8096265651766477, 0.7907173446723312, 0.7425408196671248, 0.7421651621182047, 0.6977572834575244, 0.6881915507545525, 0.8671857459356644, 0.8412662517267298, 0.7766284682162203, 0.7393924746640286, 0.722215949120083, 0.7211701254866648]","[4, 3, 4, 4, 4, 4, 1, 3, 3, 4, 3, 4, 4, 4, 1]","[1, 1, 1, 1, 1, 1, 0, 1, 1, 1, 1, 1, 1, 1, 0]","[6, 5, 6, 6, 6, 6, 1, 5, 5, 6, 5, 6, 6, 6, 1]",0.8666666666666667,0.8333333333333334,0.8444444444444444,9
reranked,15,"[172, 195, 105, 38, 123, 188, 193, 178, 145, 112, 109, 170, 85, 181, 117]","[2.0524383, 1.9662085, 1.8494853, 1.3618293, 0.42994383, 0.41009384, -1.1168617, -1.2007098, -3.9752607, -4.1067047, 1.8239862, 1.6061815, 0.96438444, 0.11281148, -0.3569922]","[1, 4, 4, 4, 3, 4, 4, 4, 4, 3, 4, 1, 4, 4, 4]","[0, 1, 1, 1, 1, 1, 1, 1, 1, 1, 1, 0, 1, 1, 1]","[1, 6, 6, 6, 5, 6, 6, 6, 6, 5, 6, 1, 6, 6, 6]",0.8666666666666667,0.8666666666666667,0.8666666666666667,9
original,20,"[181, 123, 188, 99, 92, 180, 171, 93, 140, 38, 112, 195, 193, 105, 152, 145, 179, 178, 138, 117]","[0.8691274570415037, 0.8652348942964343, 0.8292024166938563, 0.8096265651766477, 0.7907173446723312, 0.7425408196671248, 0.7421651621182047, 0.6977572834575244, 0.6881915507545525, 0.8671857459356644, 0.8412662517267298, 0.7766284682162203, 0.7393924746640286, 0.722215949120083, 0.7211701254866648, 0.6841388055122833, 0.6720747340168822, 0.8359538055531294, 0.8331702352656594, 0.8288069394973838]","[4, 3, 4, 4, 4, 4, 1, 3, 3, 4, 3, 4, 4, 4, 1, 4, 3, 4, 2, 4]","[1, 1, 1, 1, 1, 1, 0, 1, 1, 1, 1, 1, 1, 1, 0, 1, 1, 1, 1, 1]","[6, 5, 6, 6, 6, 6, 1, 5, 5, 6, 5, 6, 6, 6, 1, 6, 5, 6, 4, 6]",0.9,0.8375,0.8583333333333333,9
reranked,20,"[172, 195, 105, 38, 123, 188, 193, 178, 145, 112, 109, 170, 85, 181, 117, 171, 185, 127, 86, 99]","[2.0524383, 1.9662085, 1.8494853, 1.3618293, 0.42994383, 0.41009384, -1.1168617, -1.2007098, -3.9752607, -4.1067047, 1.8239862, 1.6061815, 0.96438444, 0.11281148, -0.3569922, -1.5560949, -2.6422172, -4.417174, 0.90983623, 0.4424223]","[1, 4, 4, 4, 3, 4, 4, 4, 4, 3, 4, 1, 4, 4, 4, 1, 4, 4, 4, 4]","[0, 1, 1, 1, 1, 1, 1, 1, 1, 1, 1, 0, 1, 1, 1, 0, 1, 1, 1, 1]","[1, 6, 6, 6, 5, 6, 6, 6, 6, 5, 6, 1, 6, 6, 6, 1, 6, 6, 6, 6]",0.85,0.8625,0.8583333333333333,9
original,25,"[181, 123, 188, 99, 92, 180, 171, 93, 140, 38, 112, 195, 193, 105, 152, 145, 179, 178, 138, 117, 116, 121, 54, 184, 109]","[0.8691274570415037, 0.8652348942964343, 0.8292024166938563, 0.8096265651766477, 0.7907173446723312, 0.7425408196671248, 0.7421651621182047, 0.6977572834575244, 0.6881915507545525, 0.8671857459356644, 0.8412662517267298, 0.7766284682162203, 0.7393924746640286, 0.722215949120083, 0.7211701254866648, 0.6841388055122833, 0.6720747340168822, 0.8359538055531294, 0.8331702352656594, 0.8288069394973838, 0.7903883498621785, 0.7901829123056594, 0.7841216130324464, 0.777080297048713, 0.7759950041963797]","[4, 3, 4, 4, 4, 4, 1, 3, 3, 4, 3, 4, 4, 4, 1, 4, 3, 4, 2, 4, 4, 2, 4, 4, 4]","[1, 1, 1, 1, 1, 1, 0, 1, 1, 1, 1, 1, 1, 1, 0, 1, 1, 1, 1, 1, 1, 1, 1, 1, 1]","[6, 5, 6, 6, 6, 6, 1, 5, 5, 6, 5, 6, 6, 6, 1, 6, 5, 6, 4, 6, 6, 4, 6, 6, 6]",0.92,0.85,0.8733333333333333,9
reranked,25,"[172, 195, 105, 38, 123, 188, 193, 178, 145, 112, 109, 170, 85, 181, 117, 171, 185, 127, 86, 99, 200, 154, 174, 149, 79]","[2.0524383, 1.9662085, 1.8494853, 1.3618293, 0.42994383, 0.41009384, -1.1168617, -1.2007098, -3.9752607, -4.1067047, 1.8239862, 1.6061815, 0.96438444, 0.11281148, -0.3569922, -1.5560949, -2.6422172, -4.417174, 0.90983623, 0.4424223, 0.2894654, 0.20292124, 0.06686702, 0.0073266327, -0.10820328]","[1, 4, 4, 4, 3, 4, 4, 4, 4, 3, 4, 1, 4, 4, 4, 1, 4, 4, 4, 4, 4, 1, 1, 1, 4]","[0, 1, 1, 1, 1, 1, 1, 1, 1, 1, 1, 0, 1, 1, 1, 0, 1, 1, 1, 1, 1, 0, 0, 0, 1]","[1, 6, 6, 6, 5, 6, 6, 6, 6, 5, 6, 1, 6, 6, 6, 1, 6, 6, 6, 6, 6, 1, 1, 1, 6]",0.76,0.8,0.7866666666666666,9
original,10,"[92, 83, 99, 199, 195, 145, 88, 82, 93, 180]","[0.7868029028789179, 0.7853814453377643, 0.758870169345022, 0.7449001199004217, 0.7369302702582361, 0.7324903314912683, 0.7286336547308383, 0.7217316066993769, 0.7152069281801363, 0.66424864816431]","[4, 4, 4, 4, 4, 3, 4, 4, 4, 4]","[1, 1, 0, 1, 1, 1, 1, 1, 1, 1]","[6, 6, 4, 6, 6, 5, 6, 6, 6, 6]",0.9,0.975,0.95,10
reranked,10,"[90, 88, 93, 195, 92, 76, 109, 79, 102, 174]","[2.9138422, 2.6542819, 1.4642589, 0.7342068, 0.49805647, -0.1639664, -0.47617266, 2.6301627, 1.3922123, 0.6890925]","[4, 4, 4, 4, 4, 4, 4, 4, 2, 1]","[1, 1, 1, 1, 1, 1, 1, 1, 0, 0]","[6, 6, 6, 6, 6, 6, 6, 6, 2, 1]",0.8,0.875,0.85,10
original,15,"[92, 83, 99, 199, 195, 145, 88, 82, 93, 180, 90, 85, 79, 198, 154]","[0.7868029028789179, 0.7853814453377643, 0.758870169345022, 0.7449001199004217, 0.7369302702582361, 0.7324903314912683, 0.7286336547308383, 0.7217316066993769, 0.7152069281801363, 0.66424864816431, 0.7832103297936099, 0.6944308171399911, 0.6918164751365419, 0.6764115212723494, 0.6511275435373796]","[4, 4, 4, 4, 4, 3, 4, 4, 4, 4, 4, 4, 4, 3, 1]","[1, 1, 0, 1, 1, 1, 1, 1, 1, 1, 1, 1, 1, 1, 0]","[6, 6, 4, 6, 6, 5, 6, 6, 6, 6, 6, 6, 6, 5, 1]",0.8666666666666667,0.9166666666666666,0.9,10
reranked,15,"[90, 88, 93, 195, 92, 76, 109, 79, 102, 174, 85, 199, 83, 77, 154]","[2.9138422, 2.6542819, 1.4642589, 0.7342068, 0.49805647, -0.1639664, -0.47617266, 2.6301627, 1.3922123, 0.6890925, 0.33735606, -0.41234592, 2.0671146, 1.9410591, 0.78821445]","[4, 4, 4, 4, 4, 4, 4, 4, 2, 1, 4, 4, 4, 4, 1]","[1, 1, 1, 1, 1, 1, 1, 1, 0, 0, 1, 1, 1, 1, 0]","[6, 6, 6, 6, 6, 6, 6, 6, 2, 1, 6, 6, 6, 6, 1]",0.8,0.8666666666666667,0.8444444444444444,10
original,20,"[92, 83, 99, 199, 195, 145, 88, 82, 93, 180, 90, 85, 79, 198, 154, 77, 44, 37, 38, 52]","[0.7868029028789179, 0.7853814453377643, 0.758870169345022, 0.7449001199004217, 0.7369302702582361, 0.7324903314912683, 0.7286336547308383, 0.7217316066993769, 0.7152069281801363, 0.66424864816431, 0.7832103297936099, 0.6944308171399911, 0.6918164751365419, 0.6764115212723494, 0.6511275435373796, 0.7762329913872399, 0.7568797655686735, 0.7568358807284169, 0.7499325840947332, 0.7430440659017777]","[4, 4, 4, 4, 4, 3, 4, 4, 4, 4, 4, 4, 4, 3, 1, 4, 3, 3, 4, 2]","[1, 1, 0, 1, 1, 1, 1, 1, 1, 1, 1, 1, 1, 1, 0, 1, 1, 1, 1, 1]","[6, 6, 4, 6, 6, 5, 6, 6, 6, 6, 6, 6, 6, 5, 1, 6, 5, 5, 6, 4]",0.9,0.8875,0.8916666666666667,10
reranked,20,"[90, 88, 93, 195, 92, 76, 109, 79, 102, 174, 85, 199, 83, 77, 154, 99, 198, 183, 152, 44]","[2.9138422, 2.6542819, 1.4642589, 0.7342068, 0.49805647, -0.1639664, -0.47617266, 2.6301627, 1.3922123, 0.6890925, 0.33735606, -0.41234592, 2.0671146, 1.9410591, 0.78821445, 0.07439399, -0.02842687, -0.041756414, -0.19981177, -0.33751795]","[4, 4, 4, 4, 4, 4, 4, 4, 2, 1, 4, 4, 4, 4, 1, 4, 3, 3, 1, 3]","[1, 1, 1, 1, 1, 1, 1, 1, 0, 0, 1, 1, 1, 1, 0, 0, 1, 1, 0, 1]","[6, 6, 6, 6, 6, 6, 6, 6, 2, 1, 6, 6, 6, 6, 1, 4, 5, 5, 1, 5]",0.75,0.825,0.8,10
original,25,"[92, 83, 99, 199, 195, 145, 88, 82, 93, 180, 90, 85, 79, 198, 154, 77, 44, 37, 38, 52, 63, 109, 183, 152, 102]","[0.7868029028789179, 0.7853814453377643, 0.758870169345022, 0.7449001199004217, 0.7369302702582361, 0.7324903314912683, 0.7286336547308383, 0.7217316066993769, 0.7152069281801363, 0.66424864816431, 0.7832103297936099, 0.6944308171399911, 0.6918164751365419, 0.6764115212723494, 0.6511275435373796, 0.7762329913872399, 0.7568797655686735, 0.7568358807284169, 0.7499325840947332, 0.7430440659017777, 0.7428424033930339, 0.7251861900245073, 0.706634461612423, 0.693996887455786, 0.6885020642803859]","[4, 4, 4, 4, 4, 3, 4, 4, 4, 4, 4, 4, 4, 3, 1, 4, 3, 3, 4, 2, 3, 4, 3, 1, 2]","[1, 1, 0, 1, 1, 1, 1, 1, 1, 1, 1, 1, 1, 1, 0, 1, 1, 1, 1, 1, 1, 1, 1, 0, 0]","[6, 6, 4, 6, 6, 5, 6, 6, 6, 6, 6, 6, 6, 5, 1, 6, 5, 5, 6, 4, 5, 6, 5, 1, 2]",0.84,0.84,0.84,10
reranked,25,"[90, 88, 93, 195, 92, 76, 109, 79, 102, 174, 85, 199, 83, 77, 154, 99, 198, 183, 152, 44, 94, 52, 178, 38, 129]","[2.9138422, 2.6542819, 1.4642589, 0.7342068, 0.49805647, -0.1639664, -0.47617266, 2.6301627, 1.3922123, 0.6890925, 0.33735606, -0.41234592, 2.0671146, 1.9410591, 0.78821445, 0.07439399, -0.02842687, -0.041756414, -0.19981177, -0.33751795, -0.60294396, -0.6569413, -1.1697326, -1.2434361, -1.3229105]","[4, 4, 4, 4, 4, 4, 4, 4, 2, 1, 4, 4, 4, 4, 1, 4, 3, 3, 1, 3, 4, 2, 4, 4, 1]","[1, 1, 1, 1, 1, 1, 1, 1, 0, 0, 1, 1, 1, 1, 0, 0, 1, 1, 0, 1, 1, 1, 1, 1, 0]","[6, 6, 6, 6, 6, 6, 6, 6, 2, 1, 6, 6, 6, 6, 1, 4, 5, 5, 1, 5, 6, 4, 6, 6, 1]",0.76,0.81,0.7933333333333333,10
